{"initial_reset_timestamp": 1538659091.989266, "timestamps": [1538659095.8981602, 1538659097.077664, 1538659097.571436, 1538659097.8894248, 1538659098.138883, 1538659098.4063811, 1538659098.6390872, 1538659099.156492, 1538659100.31055, 1538659100.855045, 1538659101.126556, 1538659101.421628, 1538659101.773031, 1538659102.007804, 1538659102.3555279, 1538659102.547744, 1538659102.619541, 1538659102.836533, 1538659102.9663749, 1538659103.086255, 1538659103.168556, 1538659103.2358289, 1538659103.349622, 1538659103.4786382, 1538659103.6660428, 1538659103.807211, 1538659103.960316, 1538659104.859833, 1538659105.113803, 1538659105.502841, 1538659105.702354, 1538659105.7905211, 1538659105.922029, 1538659106.071639, 1538659106.162896, 1538659106.37334, 1538659106.467228, 1538659106.626038, 1538659107.2786949, 1538659107.370392], "episode_lengths": [31, 13, 20, 19, 15, 16, 14, 31, 17, 23, 16, 18, 21, 14, 19, 21, 13, 40, 22, 19, 15, 12, 15, 16, 30, 20, 25, 12, 10, 73, 36, 16, 25, 28, 17, 39, 17, 30, 125, 17], "episode_rewards": [31.0, 13.0, 20.0, 19.0, 15.0, 16.0, 14.0, 31.0, 17.0, 23.0, 16.0, 18.0, 21.0, 14.0, 19.0, 21.0, 13.0, 40.0, 22.0, 19.0, 15.0, 12.0, 15.0, 16.0, 30.0, 20.0, 25.0, 12.0, 10.0, 73.0, 36.0, 16.0, 25.0, 28.0, 17.0, 39.0, 17.0, 30.0, 125.0, 17.0], "episode_types": ["t", "t", "t", "t", "t", "t", "t", "t", "t", "t", "t", "t", "t", "t", "t", "t", "t", "t", "t", "t", "t", "t", "t", "t", "t", "t", "t", "t", "t", "t", "t", "t", "t", "t", "t", "t", "t", "t", "t", "t", "t"]}