{"initial_reset_timestamp": 1538659433.868945, "timestamps": [1538659437.138419, 1538659438.186684, 1538659438.675455, 1538659438.990748, 1538659439.246578, 1538659439.511502, 1538659439.746055, 1538659440.12517, 1538659440.840471, 1538659441.1746812, 1538659441.610858, 1538659442.259892, 1538659442.5431008, 1538659442.759649, 1538659442.942854, 1538659443.176165, 1538659443.662176, 1538659444.028363, 1538659444.327488, 1538659444.9110222, 1538659445.261302, 1538659445.547725, 1538659446.12865, 1538659446.6950111, 1538659446.9788532, 1538659447.279968, 1538659447.562592, 1538659448.54263, 1538659448.930104, 1538659449.247149, 1538659449.597476, 1538659450.2976918, 1538659450.697174, 1538659450.9665148, 1538659451.864393, 1538659452.298442, 1538659452.6161542, 1538659453.166075, 1538659453.549184, 1538659454.5992398, 1538659455.1668658, 1538659455.4674199, 1538659455.768451, 1538659455.9964778, 1538659459.164535, 1538659462.299383, 1538659464.7229419, 1538659465.1561, 1538659465.503377], "episode_lengths": [31, 13, 20, 19, 15, 16, 14, 23, 11, 13, 26, 39, 17, 13, 11, 14, 29, 22, 18, 35, 21, 17, 35, 34, 17, 18, 17, 16, 14, 19, 21, 42, 24, 16, 54, 26, 19, 32, 23, 63, 34, 18, 18, 14, 192, 188, 200, 200, 200], "episode_rewards": [31.0, 13.0, 20.0, 19.0, 15.0, 16.0, 14.0, 23.0, 11.0, 13.0, 26.0, 39.0, 17.0, 13.0, 11.0, 14.0, 29.0, 22.0, 18.0, 35.0, 21.0, 17.0, 35.0, 34.0, 17.0, 18.0, 17.0, 16.0, 14.0, 19.0, 21.0, 42.0, 24.0, 16.0, 54.0, 26.0, 19.0, 32.0, 23.0, 63.0, 34.0, 18.0, 18.0, 14.0, 192.0, 188.0, 200.0, 200.0, 200.0], "episode_types": ["t", "t", "t", "t", "t", "t", "t", "t", "t", "t", "t", "t", "t", "t", "t", "t", "t", "t", "t", "t", "t", "t", "t", "t", "t", "t", "t", "t", "t", "t", "t", "t", "t", "t", "t", "t", "t", "t", "t", "t", "t", "t", "t", "t", "t", "t", "t", "t", "t"]}